Código,Nombre,Peso (kg/m),Largo (m)
602,,,
742,,,
743,,,
744,,,
745,,,
763,,,
764,,,
00010,PIRAMIDE TRUNCADA ALUMINIO,0.3,
00092,UNION CUADRANGULAR,1.381,6.05
00093,TABLILLA TUBULAR LISO 120mm,0.897,6.05
00094,UNION CUADRANGULAR MARCO 75mm,1.346,6.05
00095,MARCO CORREDIZO 3 GUIAS,1.158,6.2
00096,MARCO CORREDIZO 4 GUIAS,1.259,6.05
00097,MARCO CORREDIZO CON POSTIGON 130MM,1.15,6.05
00098,MARCO CON TAPAJUNTA,0.881,6.2
00099,MARCO LIVIANO,0.637,6.05
00101,MARCO,0.76,6.2
00102,TRAVESAÑO,0.447,6.05
00103,PARANTE LATERAL,0.453,6.05
00104,PARANTE CENTRAL,0.406,6.05
00105,MOSQUITERO,0.348,6.05
00106,UNION 180º MARCO 75mm,0.459,6.2
00107,MARCO PAÑO FIJO 75mm,0.563,6.05
00108,CONTRAVIDRIO,0.172,6.05
00109,GUIA CORTINA ENROLLAR,0.488,6.05
00110,GUIA 2 HOJAS CORREDIZAS,0.495,6.05
00111,MOSQUITERO ANGOSTO,0.258,6.05
00112,RIEL CORTINA,0.577,6.05
00113,TRAVESAÑO 75mm,0.75,6.05
00114,TRAVESAÑO,0.886,6.05
00115,TRAVESAÑO,0.388,6.05
00116,,,
00117,SUPLEMENTO PARA 4 HOJAS,0.628,6.05
00118,GUIA PROLONGACION,0.181,6.05
00119,CIERRE CENTRAL 4 HOJAS EN 2 GUIAS,0.32,6.05
00120,TRAVESAÑO DE PUERTA MOSQUITERO,0.501,6.05
00121,HOJA PUERTA MOSQUITERO,0.366,6.05
00122,TRAVESAÑO VERTICAL,0.435,6.05
00123,PARANTE LATERAL VENTANA BALCON,0.633,6.2
00124,PARANTE CENTRAL VENTANA BALCON,0.613,6.2
00125,ENCUENTRO CENTRAL REFORZADO 3014 / 3023,0.783,6.2
00126,ENCUENTRO CENTRAL 3014/3023,0.289,6.2
00127,TRAVESAÑO VENTANA CORREDIZA 86mm,0.929,6.05
00128,PORTA CONTRAVIDRIO,0.234,6.05
00129,MARCO TRANSITABLE TUBULAR 20mm,1.008,6.05
00130,MARCO TRANSITABLE 24mm,1.202,6.05
00131,,,
00132,,,
00133,,,
00138,CONTRAVIDRIO,0.153,6.05
00139,PARANTE 30mm,0.383,6.05
00140,,,
00141,TAPAJUNTA,0.179,
00143,TAPACINTA,0.461,6.05
00144,PREMARCO (TAPAJUNTA 00145),0.698,6.2
00145,TAPAJUNTA (PREMARCO 00144),0.149,6.05
00146,MARCO LISO,0.553,6.05
00147,PREMARCO,0.494,6.2
00148,MARCO 75mm INTERIOR,0.606,6.2
00149,MARCO,0.347,
00150,,,
00151,PARANTE 40mm,0.469,6.05
00152,MARCO 75mm INTERIOR / EXTERIOR,0.615,6.2
00153,,,
00154,DOBLE CONTACTO,0.234,6.05
00155,MARCO AIREADOR,0.513,6.05
00156,PARANTE 80mm,0.73,6.2
00157,PARANTE PUERTA DE ABRIR HOJA 25MM,0.667,6.2
00158,BISAGRA CUADRADA ALA 36mm,1.099,6.05
00159,BISAGRA CUADRADA 66 ALA 27mm,0.865,6.05
00160,PARANTE 68mm,0.651,6.2
00161,BISAGRA 1,0.715,6.05
00162,BISAGRA 2,0.655,6.05
00163,BISAGRA REDONDA 33 MINI,0.531,6.05
00164,BISAGRA CUADRADA 33,0.777,6.05
00165,MARCO ANGOSTO 30mm,0.408,6.05
00169,GUIA CORTINA ENROLLAR LIVIANA,0.45,6.05
00171,GUIA 2 HOJAS CORREDIZAS CON MOSQUITERO,0.59,6.05
00173,PARANTE LATERAL CURVES,0.524,6.05
00174,PARANTE CENTRAL CURVES,0.449,6.05
00178,PARANTE PUERTA F 85mm,0.975,6.2
00179,PARANTE PUERTA F 75mm,0.99,6.2
00180,TRAVESAÑO PF 45mm,0.62,6.05
00181,TRAVESAÑO PF 75mm,1.013,6.05
00184,MARCO VENTILUZ Y BANDEROLA,0.769,6.05
00185,HOJA VENTILUZ,0.537,6.05
00186,BISAGRA,0.346,6.05
00187,HOJA BANDEROLA,0.537,6.05
00191,MARCO,0.641,6.05
00192,TRAVESAÑO,0.39,6.05
00193,PARANTE LATERAL,0.374,6.05
00194,PARANTE CENTRAL,0.355,6.05
00197,GUIA CORTINA DE ENROLLAR,0.35,6.05
00198,TRAVESAÑO 32mm,0.456,6.05
00199,,,
00200,MARCO,0.629,6.2
00201,PARANTE,0.823,6.2
00202,TRAVESAÑO 54mm,0.679,6.05
00203,"TRAVESAÑO 72,5mm",0.74,6.05
00204,DINTEL Y ZOCALO,0.876,6.05
00205,DOBLE CONTACTO,0.214,6.05
00206,ADAPTADOR DE POSTIGO,0.302,6.05
00207,POSTIGO PUERTA,0.41,6.05
00208,BISAGRA REDONDA 33,0.744,6.05
00209,BISAGRA 45/28,0.629,6.05
00210,BISAGRA  PUERTA ESTANDAR / PUERTA F,0.77,6.05
00220,PARASOL MOVIL - FIJO 140MM,0.88,6.05
00250,VIDRIO REPARTIDO PERIMETRAL CONTRAVIDRIO,0.322,6.05
00251,,,
00252,VIDRIO REPARTIDO PERIMETRAL,0.228,6.05
00253,VIDRIO REPARTIDO INTERIOR,0.338,6.05
00254,VIDRIO REPARTIDO PERIMETRAL,0.208,6.05
00255,VIDRIO REPARTIDO INTERIOR,0.262,6.05
00256,VIDRIO REPARTIDO PUERTA F,0.33,6.05
00258,TABLILLA TUBULAR LISA 12MM,0.85,6.05
00259,TABLILLA TUBULAR LISA 20MM,0.941,6.05
00260,TABLILLA 120mm,0.45,6.05
00261,TABLILLA 70mm,0.308,6.05
00263,TABLILLA TUBULAR LISO 100mm,0.667,6.05
00264,LISTEL PARA REVESTIMIENTO TUBULAR 7MM,0.071,6.05
00265,CLIP MOLDURA,0.115,6.05
00266,MOLDURA CURVA,0.168,6.05
00267,MOLDURA VIDRIO REPARTIDO,0.112,6.05
00268,LISTEL PARA REVESTIMIENTO TUBULAR 12MM,0.094,6.05
00269,LISTEL PARA REVESTIMIENTO TUBULAR 20MM,0.162,6.05
00270,PERFIL UNION ,0.156,6.05
00274,LISTEL ALTO PARA REVESTIMIENTO TUBULAR 7MM,0.122,6.05
00276,MARCO AIREADOR 75MM,0.44,6.05
00277,,,
00278,LISTEL ALTO PARA REVESTIMIENTO TUBULAR 12MM,0.145,6.05
00279,LISTEL ALTO PARA REVESTIMIENTO TUBULAR 20MM,0.192,6.05
00280,,,
00302,,,
00303,"MARCO PUERTA PLACA 1 1/2""",0.458,6.2
00304,"MARCO PUERTA PLACA 2""",0.464,6.2
00305,MARCO PUERTA PLACA 50mm BISAGRA ENCOLIZADA,0.6,6.2
00305,MARCO PUERTA PLACA 2” BISAGRA ENCOLIZADA,0.6,6.2
00306,MARCO PUERTA PLACA 2” LIVIANO,0.395,6.2
00307,MARCO PUERTA PLACA 2”,0.355,6.2
00308,"MARCO PUERTA PLACA RECTO 2""",0.412,6.2
00330,UNION 90º MARCO 75mm,1.205,6.2
00331,UNION 90º MARCO 75mm,1.245,6.02
00351,"TREFILADO CUADRADO 10,0 x 10,0 x 0,7mm",0.081,
00355,"TREFILADO CUADRADO 12,0 x 12,0 x 0,7mm",0.087,
00356,"TREFILADO CUADRADO 15,0 x 15,0 x 0,7mm",0.125,
00373,ZOCALO PORTA BURLETE,0.126,6.05
00374,ZOCALO PARA TANQUE,1.27,6.05
00375,ESCALON,0.597,
00376,LLANTA DE BICICLETA,0.23,6.05
00377,CORREDERA ASIENTO DE BOTE,0.205,
00378,LLANTA DE BICICLETA MODELO 2,0.24,6.05
00379,PERFIL J 15X27X18,0.195,6.05
00380,GUIA MARCO REFRIGERACION,,
00384,PIE DE BICICLETA,1.036,
00399,,,
00400,,,
00401,ZETA POSTIGON,0.222,6.05
00404,MOSQUITERO CANAL 9,0.144,6.05
00406,F 20mm LIVIANO,0.1,6.05
00407,F 22mm PESADA,0.115,6.05
00408,,,
00409,F25 RAYADA,,
00410,F 22mm SIN PATA,0.11,
00411,CELOSIA MINI,0.164,6.05
00412,,,
00413,TABLILLA CORTINA DE ENROLLAR 55MM,0.422,6.05
00414,TABLILLA GIRATORIA,0.457,6.05
00415,TABLILLA CORTINA BARRIO,0.526,6.05
00416,ZOCALO CORTINA DE ENROLLAR 55MM,0.485,6.05
00417,TABLILLA CURVA 75 MM,0.301,6.05
00418,TABLILLA POSTIGON 65mm,0.265,6.05
00419,TABLILLA CURVA 40 MM,0.203,6.05
00420,TABLILLA POSTIGON 60mm,0.248,6.05
00427,TABLILLA CURVA 75 MM TROQUELADA,0.294,6.05
00428,TABLILLA POSTIGON 65mm TROQUELADA,0.247,6.05
00429,TABLILLA CURVA 40 MM TROQUELADA,0.203,6.05
00430,TABLILLA POSTIGON 60mm TROQUELADA,0.242,6.05
00433,TABLILLA CORTINA DE ENROLLAR 55MM TROQUELADA,0.406,6.05
00450,ESCUADRA DE ARMADO CANAL 9,1.321,
00451,ESCUADRA ARMADO 9mm,0.558,6.05
00452,ESCUADRA ARMADO 12mm,0.492,6.05
00453,ESCUADRA ARMADO 13mm,0.62,6.05
00454,"ESCUADRA DE ARMADO DE 13,5 MM",0.583,
00455,"ESCUADRA DE ARMADO DE 14,5",,
00457,ESCUADRA ARMADO 13mm LIVIANA,0.416,6.05
00458,ESCUADRA DE ARMADO 50mm LIVIANA,0.365,6.05
00460,ESCUADRA ARMADO TUBULAR 13mm,0.735,6.05
00461,ESCUADRA SUPLEMENTARIA DE ARMADO,1.113,6.05
00462,ESCUADRA DE ARMADO FRENTE INTEGRAL 55MM,1.746,6.05
00500,MARCO EXHIBIDOR GRANDE,0.51,6.05
00501,MARCO EXHIBIDOR CHICO,0.373,6.05
00502,TRAVESAÑO PARA EXHIBIDOR,0.584,6.05
00503,HOJA DE EXHIBIDOR,0.282,6.05
00504,GUIA PARA EXHIBIDOR,0.355,6.05
00505,RIEL EXHIBIDOR,0.276,6.05
00512,,,
00526,,,
00551,CABEZAL,0.749,6.05
00552,UMBRAL SANITARIO,0.343,6.05
00553,JAMBA,0.28,6.05
00554,HOJA,0.305,6.05
00555,PERFIL TOALLERO,0.301,6.05
00582,,,
00584,,,
00587,,,
00600,"ANGULO ALAS DESIGUALES 14,0 x 7,0 x 1,0MM",0.053,
00601,"ANGULO ALAS DESIGUALES 15,0 x 8,0 x 1,0MM",0.064,
00603,"ANGULO ALAS DESIGUALES 40,0 x 20,0 x 3,0MM",0.504,
00604,"ANGULO ALAS DESIGUALES 50,0 x 38,0 x 4,0mm",1.005,
00605,"ANGULO ALAS DESIGUALES 18,0 x 8,0 x 1,3mm",0.087,6.05
00606,"ANGULO ALAS DESIGUALES 25,0 x 17,0 x 1,5mm",0.18,
00607,"ANGULO ALAS DESIGUALES 43,0 x 15,0 x 2,0mm",0.331,
00608,"ANGULO ALAS DESIGUALES 45,0 x 25,0 x 1,0mm",0.227,
00612,,,
00613,,,
00614,,,
00615,,,
00616,"ANGULO ALAS DESIGUALES  40,0 x 22,0 x 2,0mm",0.355,
00619,,,
00626,,,
00627,"ANGULO ALAS DESIGUALES 18,0 x 10,0 x 1,5 mm",0.12,
00628,,,
00629,"ANGULO ALAS DESIGUALES 27,0 x 16,0 x 2,5 mm",0.228,
00631,,,
00632,,,
00635,,,
00637,,,
00638,,,
00639,"ANGULO ALAS DESIGUALES 50,0 x 25,0 x 1,5mm",0.283,6.05
00640,ANGULO ALAS DESIGUALES 60.0 X 12.0 X 1.6MM,0.308,6.05
00641,,,
00642,"ANGULO ALAS DESIGUALES 20,0 x 10,0 x 1,5mm",0.117,6.05
00643,"ANGULO ALAS DESIGUALES 25,0 x 9,0 x 1.2MM",0.114,
00650,"ANGULO ALAS IGUALES 12,5 x 12,5 x 1,0mm",0.097,6.05
00651,"ANGULO ALAS IGUALES 15,0 x 15,0 x 1,8mm",0.137,6.05
00652,"ANGULO ALAS IGUALES 15,8 x 15,8 x 1,0mm",0.077,6.05
00653,"ANGULO ALAS IGUALES 19,0 x 19,0 x 1,5mm",0.15,6.05
00654,,,
00655,"ANGULO ALAS IGUALES 25,0 x 25,0 x 1,0mm",0.12,6.05
00656,"ANGULO ALAS IGUALES 25,0 x 25,0 x 1,5mm",0.2,6.05
00657,"ANGULO ALAS IGUALES 32,0 x 32,0 x 2,3mm",0.341,6.05
00658,"ANGULO ALAS IGUALES 38,0 x 38,0 x 2,0mm",0.407,6.05
00659,"ANGULO ALAS IGUALES 38,0 x 38,0 x 3,0mm",0.596,6.05
00660,"ANGULO ALAS IGUALES 40,0 x 40,0 x 2,5mm",0.528,6.05
00661,"ANGULO ALAS IGUALES 50,0 x 50,0 x 1,5mm",0.407,6.05
00662,,,
00663,"ANGULO ALAS IGUALES 24,0 x 24,0 x 1,0mm",0.115,6.05
00664,"ANGULO ALAS IGUALES 50,0 x 50,0 x 4,0mm",1.047,6.05
00665,"ANGULO ALAS IGUALES 50,0 x 50,0 x 3,0mm",0.8,6.05
00666,"ANGULO ALAS IGUALES 13,0 x 13,0 x 2,5mm",0.157,6.05
00667,,,
00668,"ANGULO ALAS IGUALES 19,0 x 19,0 x 2,0mm",0.22,
00669,"ANGULO ALAS IGUALES 20,0 x 20,0 x 1,5mm",0.157,6.05
00670,"ANGULO ALAS IGUALES 22,0 x 22,0 x 2,0mm",0.231,6.05
00671,"ANGULO ALAS IGUALES 25,0 x 25,0 x 3,0mm",0.381,6.05
00672,"ANGULO ALAS IGUALES 31,7 x 31,7 x 1,5mm",0.254,6.05
00673,"ANGULO ALAS IGUALES 31,7 x 31,7 x 3,5mm",0.62,
00674,"ANGULO ALAS IGUALES 32,0 x 32,0 x 5,0mm",0.796,6.05
00675,"ANGULO ALAS IGUALES 15,8 x 15,8 x 1,8mm",0.147,6.05
00676,"ANGULO ALAS IGUALES 17,0 x 17,0 x 4,0mm",0.329,6.05
00677,"ANGULO ALAS IGUALES 19,5 x 19,5 x 1,1mm",0.114,6.05
00700,,,
00701,"PLANCHUELA 12,0 x 2,0mm",0.065,6.05
00702,"PLANCHUELA 12,0 x 3,0mm",0.1,6.05
00703,"PLANCHUELA 12,5 x 3,0mm",0.103,6.05
00704,,,
00705,"PLANCHUELA 13,0 x 3,0mm",0.107,6.05
00706,,,
00707,,,
00708,,,
00709,"PLANCHUELA 19,0 x 2,0mm",0.104,6.05
00710,"PLANCHUELA 19,0 x 3,0mm",0.156,6.05
00711,"PLANCHUELA 20,0 x 2,5mm",0.14,6.05
00712,,,
00713,,,
00714,,,
00715,,,
00716,"PLANCHUELA 25,0 x 2,0mm",0.137,6.05
00717,,,
00718,"PLANCHUELA 31,7 x 2,0mm",0.18,6.05
00719,"PLANCHUELA 39,0 x 3,0mm",0.322,6.05
00720,PLANCHUELA ESPECIAL A,0.23,6.05
00721,"PLANCHUELA 40,0 x 2,5mm",0.275,6.05
00722,"PLANCHUELA 40,0 x 10,00mm",1.099,6.05
00723,"PLANCHUELA 50,0 x 5,0mm",0.688,6.05
00724,"PLANCHUELA 80,0 x 10,0mm",2.202,6.05
00725,"PLANCHUELA 100,0 x 10,0mm",2.753,6.05
00726,"PLANCHUELA 76,2 x 12,7mm",2.664,6.05
00727,"PLANCHUELA 25,0 x 3,0mm",0.206,6.05
00728,"PLANCHUELA 101,6 x 25,4mm",7.106,6.05
00729,,,
00730,"PLANCHUELA 120,0 x 10,0mm",3.302,6.05
00731,"PLANCHUELA 100,0 x 15,0mm",4.128,6.05
00732,"PLANCHUELA 50,0 x 20,0mm",2.751,6.05
00733,"PLANCHUELA 50,0 x 25,0mm",3.44,6.05
00734,,,
00735,"PLANCHUELA 16,0 x 2,0mm",0.087,6.05
00736,,,
00737,,,
00738,,,
00739,,,
00740,,,
00741,"PLANCHUELA 20,0 x 5,0mm",0.274,6.05
00746,"PLANCHUELA 40,0 x 4,5mm",0.495,6.05
00747,,,
00748,,,
00749,,,
00750,,,
00751,,,
00752,"PLANCHUELA 31,7 x 3,0mm",0.27,6.05
00760,PLANCHUELA ESPECIAL C,,
00761,"PLANCHUELA 60,0 x 1,5mm",0.25,6.05
00762,"PLANCHUELA 60,0 x 2,8mm",0.379,6.05
00765,"PLANCHUELA 50,0 x 3,0mm",0.42,6.05
00766,"PLANCHUELA 31,5 x 4,3mm",0.38,6.05
00767,"PLANCHUELA 75,0 x 15,0mm",3.098,6.05
00768,"PLANCHUELA 50,0 x 10,0mm",1.376,6.05
00772,PLANCHUELA 60 X 1.8 mm,0.297,6.05
00790,"PLANCHUELA 90 x 0,9",0.223,6.05
00799,PANADERA DE 20 MM,,
00800,PANADERA DE 27 MM,,
00801,PANADERA DE 30mm,0.205,6.05
00802,ESCUADRA DE ARMADO DE 30 MM,,
00804,"PANADERA DE 30mmX8,5mm",0.218,6.05
00850,PORTA VIDRIO DE TABLIQUE Nº8,,
00851,PARANTE DE TABIQUE Nº 9,,
00900,GRAMPA,,
00901,PRENSA CABLE,,
00902,RIEL OLMAR,,
00903,RIEL DIN 35 MM,,
00904,RIEL ZOLODA,,
00905,PERFIL ILUMINACION,0.448,
00906,RIEL ESPECIAL,0.897,6.05
00950,U ESPECIAL A,,
00951,,,
00955,U ESPECIAL C,,
01000,,,
01001,"T 19,0 X 19,0 X 2,0mm",0.198,6.05
01002,,,
01003,,,
01004,"T 24,0 X 24,0 X 0,9mm",0.112,6.05
01005,,,
01006,"T 25,0 X 25,0 X 1,0mm",0.121,6.05
01007,,,
01008,,,
01009,"T 32,0 X 32,0 X 2,5mm",0.425,6.05
01010,,,
01011,"T 25,0 X 38,0 x 1,0mm",0.17,6.05
01012,,,
01013,,,
01014,,,
01015,,,
01016,,0.427,
01017,,,
01018,,,
01019,,,
01020,,,
01021,,,
01022,,,
01023,,,
01024,,,
01025,,,
01026,,,
01027,,,
01028,,,
01029,,,
01030,,,
01031,,,
01032,,,
01033,,,
01034,,,
01035,,,
01036,,,
01037,,,
01038,,0.129,
01039,"T25,0 x 38,0 x 1,5mm",0.254,6.05
01040,,,
01041,"T20,0 x 30,0 x 1,0mm",0.134,6.05
01042,,,
01043,,,
01044,,,
01045,,,
01046,,,
01047,,,
01048,"U 10,0 x 20,0 x 1,5mm",0.19,6.05
01049,"U 12,0 x 21,8 x 1,2mm",0.18,6.05
01050,"U 10,0 x 9,0 x 2,0mm",0.13,
01051,"U 10,0 x 10,0 x 1,5mm",0.107,6.05
01052,,,
01053,"U 12,0 x 12,0 x 1,2mm",0.11,6.05
01054,,0.175,
01055,,,
01056,,,
01057,,,
01058,,,
01059,"U 15,5 x 28,0 x 1,6mm BLINDEX",0.3,
01060,,,
01061,"U 15,8 x 15,8 x 1,2mm",0.148,6.05
01062,,0.311,
01063,"U 16,1 x 13,00 x 1,6mm",0.165,6.05
01064,,,
01065,"U 19,2 x 6,8 x 2mm",0.152,6.05
01066,,0.349,
01067,"U 20,0 x 10,0 x 1,5mm",0.151,6.05
01068,"U 20,0 x 20,0 x 2,3mm",0.35,6.05
01069,,0.174,
01070,"U 21,8 x 12,0 x 1,3mm",0.151,6.05
01071,"U 24,7 x 9,0 x 1,6mm",0.17,6.05
01072,,,
01073,"U 29,5 x 12,2 x 1,6mm",0.221,6.05
01074,"U 31,5 x 12,5 x 1,5mm",0.22,6.05
01075,,,
01076,,0.941,
01077,"U 15,0 x 28,0 x 1,2mm ",0.2,6.05
01078,,,
01079,"U 15,0 x 15,0 x 1,5mm",0.17,6.05
01080,U  25x20x2mm,0.335,6.05
01081,,,
01082,,0.188,6.05
01083,"U 22,0 x 12,0 x 1,0mm",0.121,6.05
01084,"U 23 x 17 x 1,5mm",0.219,6.05
01085,,0.666,6.05
01086,"U 11,0 x 17,0 x 1,5mm",0.173,6.05
01087,,,
01088,,,
01089,,,
01090,,,
01091,,,
01092,"U 25,0 x 25,0 x 2,0mm",0.297,6.05
01093,"U 12,8 x 12,8 x 2,7mm",0.24,6.05
01094,"U 63,1 x 30,0 x 1,2mm",0.395,6.05
01095,"U 15,0 x 40,0 x 1,3mm",0.33,6.05
01096,,,
01097,,,
01098,,,
01099,,,
01100,"CAÑO CUADRADO 15,0 x 15,0 x 1,3mm",0.195,6.05
01101,"CAÑO CUADRADO 20,0 x 20,0 x 1,3mm",0.267,6.05
01102,"CAÑO CUADRADO 25,0 x 25,0 x 1,5mm",0.381,6.05
01103,"CAÑO CUADRADO 30,0 x 30,0 x 1,5mm",0.463,6.05
01104,"CAÑO CUADRADO 40,0 x 40,0 x 3,0mm",1.2,6.05
01105,"CAÑO CUADRADO 40,0 x 40,0 x 2,0mm",0.836,6.05
01106,"CAÑO CUADRADO 50,0 x 50,0 x 3,0mm",1.552,6.05
01107,"CAÑO CUADRADO 60,0 x 60,0 x 1,3mm",0.842,6.05
01108,"CAÑO CUADRADO 40,0 x 40,0 x 1,3mm",0.554,6.05
01109,"CAÑO CUADRADO 75,0 x 75,0 x 2mm",1.608,6.05
01110,"CAÑO CUADRADO 100,0 x 100,0 x 2mm",2.159,6.05
01200,,,
01201,,,
01202,"CAÑO RECTANGULAR 10,0 x 16,0 x 1,0mm",0.13,6.05
01203,"CAÑO RECTANGULAR 10,0 x 20,0 x 1,0mm",0.16,6.05
01204,"CAÑO RECTANGULAR 60,0 x 30,0 x 1mm",0.484,6.05
01205,"CAÑO RECTANGULAR 50,0 x 15,0 x 1,5mm",0.512,6.05
01206,"CAÑO RECTANGULAR 20,0 x 60,0 x 1,5mm",0.64,6.05
01207,"CAÑO RECTANGULAR 50,0 x 25,0 x 1,5mm",0.6,6.05
01208,"CAÑO RECTANGULAR 60,0 x 25,0 x 1,5mm",0.676,6.05
01209,"CAÑO RECTANGULAR 35,0 x 40,0 x 1,5mm",0.583,6.05
01210,"CAÑO RECTANGULAR 30,0 x 20,0 x 1,1mm",0.3,6.05
01211,"CAÑO RECTANGULAR 40,0 x 20,0 x 1,1mm",0.342,6.05
01212,"CAÑO RECTANGULAR 60,0 x 40,0 x 3,0mm",1.54,6.05
01213,"CAÑO RECTANGULAR 75,0 x 25,0 x 1,5mm",0.8,6.05
01214,"CAÑO RECTANGULAR 40,0 x 20,0 x 1,5mm",0.46,6.05
01215,"CAÑO RECTANGULAR 20,0 x 30,0 x 1,5mm",0.388,6.05
01216,"CAÑO RECTANGULAR 30,0 x 20,0 x 1,9mm",0.474,6.05
01217,"CAÑO RECTANGULAR 70,0 x 30,0 x 1.5mm",0.8,6.05
01218,"CAÑO RECTANGULAR 100,0 x 50,0 x 1.5mm",1.22,6.05
01219,"CAÑO RECTANGULAR 100,0 x 25,0 x 2,5mm",1.652,6.05
01220,"CAÑO RECTANGULAR 108,7 x 55 x 2mm",1.76,6.05
01221,"CAÑO RECTANGULAR 150 x 25 x 1,5 mm",1.421,6.05
,,,
,,,
01300,,,
01301,"CAÑO REDONDO 9,0 x 1,0mm",0.069,
01302,"CAÑO REDONDO 12,7 x 1,2mm",0.12,
01303,"CAÑO REDONDO 15,8 x 1mm",0.14,
01304,"CAÑO REDONDO 19,0 x 1,5mm",0.23,
01305,"CAÑO REDONDO 19,0 x 1,0mm",0.18,
01306,,,
01307,,0.19,
01308,"CAÑO REDONDO 25,4 x 1,3mm",0.27,
01309,,,
01310,"CAÑO REDONDO 28,4 x 0,9mm",0.214,
01311,,,
01312,"CAÑO REDONDO 31,85 x 1,0mm",0.266,SE MODIFICO  MATRIZ PARA CLIENTE VULCANO
01313,"CAÑO REDONDO 34,0 x 1,5mm",0.42,
01314,"CAÑO REDONDO 45,0 x 4,5mm",1.576,
01315,"CAÑO REDONDO 18,0 x 1,5mm",0.22,
01316,"CAÑO REDONDO 30,0 x 3,0mm",0.701,
01317,"CAÑO REDONDO 18,0 x 1,0mm",0.147,
01318,"CAÑO REDONDO 22,0 x 2,0mm",0.348,
01319,"CAÑO REDONDO 38,0 x 1,5mm",0.47,
01320,,,
01321,,,
01322,"CAÑO REDONDO 19 x 0,9mm",0.14,6.05
01323,"CAÑO REDONDO 13 x 1,5mm",0.15,6.05
01324,CAÑO REDONDO 24 x 3mm,0.545,6.05
01325,,,
01326,"CAÑO REDONDO 14,3 x 1,0mm",0.12,
01327,"CAÑO REDONDO 22,0 x 1,0mm",0.181,
01328,,,
01329,"CAÑO REDONDO 25,8 x 1,2mm",0.25,
01330,"CAÑO REDONDO 15,88 x 1,25mm",0.158,
01331,"CAÑO REDONDO 50,0 x 1,1mm",0.465,
01332,"CAÑO REDONDO 45,0 x 1,3mm",0.5,6.05
01333,"CAÑO REDONDO 50,0 x 2,0mm",0.83,
01334,"CAÑO REDONDO 22,0 x 1,3mm",0.23,
01335,"CAÑO REDONDO 50,8 x 3mm",1.24,
01336,"CAÑO REDONDO 9,5 x 0,95mm",0.07,
01337,"CAÑO REDONDO 9,52 x 0,95mm",0.07,
01338,"CAÑO REDONDO 31,7 x 1,5mm",0.39,
01339,"CAÑO REDONDO 15,8 x 1,3mm",0.16,
01340,"CAÑO REDONDO 25,4 x 1,6mm",0.29,
01341,"CAÑO REDONDO 22,0 x 1,6mm",0.282,
01342,"CAÑO REDONDO 15,87 x 5,0mm",0.47,
01343,"CAÑO REDONDO 25,4 x 1,3mm","0,271","6,05"
01344,,,
01345,,,
01346,,,
01347,,,
01348,,,
01349,,,
01350,"CAÑO REDONDO 50 x 1,1mm",0.465,6.05
01351,,,
01352,"CAÑO REDONDO 76,00 x 1,4mm",0.903,6.05
01353,"CAÑO REDONDO 60,00 x1,2mm",0.61,6.05
01354,,,
01355,,,
01356,,,
01357,,,
01358,,,
01359,,,
01360,,,
01361,,,
01362,,,
01363,,,
01364,,,
01365,,,
01366,,,
01367,,,
01368,,,
01369,,,
01370,"CAÑO REDONDO 76,2 x 1,25mm",0.86,6.05
01380,FRENTE DE BOTIQUIN,,
01381,CONTRAVIDRIO DE BOTIQUIN,,
01382,MANIJA FRENTE DE BOTIQUIN,,
01400,,,
01401,,,
01402,,,
01403,,,
01404,"BARRA REDONDA 8,00mm",0.14,
01405,,,
01406,BARRA REDONDA 16 mm,0.553,3
01407,,,
01408,,,
01409,"BARRA REDONDA 9,18mm",0.182,6.05
01410,"BARRA REDONDA 10,00mm",0.22,
01411,"BARRA REDONDA 11,11mm",0.27,
01412,"BARRA REDONDA 12,70mm",0.35,
01413,"BARRA REDONDA 13,00mm",0.37,
01414,"BARRA REDONDA 14,29mm",0.441,
01415,"BARRA REDONDA 15,87mm",0.55,
01416,"BARRA REDONDA 14,29mm",0.44,
01417,"BARRA REDONDA 17,00mm",0.63,
01418,BARRA REDONDA 18mm,0.7,3
01419,"BARRA REDONDA 19,00mm",0.8,
01420,"BARRA REDONDA 20,00mm",0.87,
01421,"BARRA REDONDA 21,00mm",0.96,
01422,"BARRA REDONDA 22,00mm",1,
01423,"BARRA REDONDA 23,00mm",1.15,
01424,"BARRA REDONDA 24,00mm",1.25,
01425,"BARRA REDONDA 25,00mm",1.35,
01426,"BARRA REDONDA 26,00mm",1.46,
01427,"BARRA REDONDA 27,00 mm ",1.576,
01428,"BARRA REDONDA 28,00mm",1.7,
01429,"BARRA REDONDA 29,00mm",1.82,
01430,"BARRA REDONDA 30,00mm",1.95,
01431,,,
01432,"BARRA REDONDA 32,00mm",2.2,3
01433,,,
01434,"BARRA REDONDA 34,30mm",2.55,3
01435,"BARRA REDONDA 35,00mm",2.65,3
01436,"BARRA REDONDA 36,00mm",2.8,3
01437,"BARRA REDONDA 37,00mm",2.95,3
01438,"BARRA REDONDA 38,10mm",3.2,3
01439,"BARRA REDONDA 44,45mm",4.3,3
01440,"BARRA REDONDA 40,00mm",3.46,3
01441,"BARRA REDONDA 22,22mm",1.1,3
01442,"BARRA REDONDA 25,40mm",1.4,3
01443,"BARRA REDONDA 31,75mm",2.2,3
01444,,,
01445,,,
01446,,,
01447,,,
01448,,,
01449,,,
01450,"BARRA REDONDA 50,8mm",5.6,3
01451,,,
01452,,,
01453,,,
01454,,,
01455,,,
01456,,,
01457,,,
01458,,,
01459,,,
01460,"BARRA REDONDA 14,2mm",0.428,
01461,,,
01462,"BARRA REDONDA 42,00mm",3.8,
01463,,,
01464,,,
01465,,,
01466,,,
01467,,,
01468,,,
01469,,,
01470,,,
01471,,,
01472,,,
01473,,,
01474,,,
01475,"BARRA REDONDA 75,00mm",12.2,
01490,"BARRA REDONDA 152,00mm",50,3.9
01491,,,
01492,,,
01493,,,
01494,,,
01495,,,
01496,,,
01497,,,
01498,,,
01499,,,
01500,"CAÑO ESTRIADO 32,3 mm",0.3,6.05
01501,,,
01502,,,
01503,PERFIL CRUZ,0.18,6.05
01504,,,
01505,JOTA CHICA,0.136,6.05
01506,GOTERO,,
01507,,,
01508,PERFIL CARROCERO 2,,
01509,GOTERO DE LUJO,,
01510,AVION CHICO,0.248,6.05
01511,AVION GRANDE,0.307,6.05
01512,,,
01513,,,
01514,MEDIA CAÑA REDONDA,,
01515,,,
01516,,,
01517,PASATOLDO,0.384,6.05
01518,PERFIL CARROCERO 2,,
01519,PERFIL CARROCERO 1,,
02000,,,
02001,,,
02002,,,
02003,,,
02004,PORTAPRECIO Nº 7-004,0.33,6.05
02005,,,
02006,,,
02007,PELICANO FRENTE SUPERIOR Nº1-007,,
02008,PELICANO TAPA RESISTENCIA,0.164,6.05
02009,PELICANO FRENTE COLOR Nº 3-009,,
02010,PELICANO FRENTE INFERIOR,,
02011,PELICANO FRENTE INFERIOR RECTO,0.477,6.05
02012,ZOCALO SANITARIO Nº6 -012,,
02013,,,
02014,,,
02015,PARAGOLPE,0.351,6.05
02016,MEDIA CAÑA MINI N°8 - 016,0.418,6.05
02017,FRENTE SOSTEN VIDRIO Nº 9-001,,
02018,ALOJAMIENTO VIDRIO,,
02100,ZÓCALO DE PUERTA,0.382,6.2
02101,PERFIL DESNIVEL,0.234,6.2
02102,CAÑO PLACARD,0.186,6.05
02103,PERFIL RENOVACIÓN,0.768,6.05
02104,U DE ARMADO PERFIL 1213,0.578,6.05
02105,REVESTIMIENTO ALISTONADO,0.751,6.2
02106,REVESTIMIENTO ALISTONADO SIMPLE,,6.2
02107,REVESTIMIENTO HADID,0.515,6.2
02108,LISTEL PERFIL 2107,0.073,6.2
02109,PERFIL ALFAIZAR,0.502,6.2
02110,GUARDACANTO DE 10MM,0.158,6.2
,,,
,,,
,,,
,,,
,,,
,,,
,,,
,,,
02370,GRAMPA GRANDE PASGAL,0.752,6.05
02371,GRAMPA CHICA PASGAL,0.358,6.05
02372,CUÑA PASGAL,0.122,6.05
02408,"BARRA CUADRADA 7,95 x 7,95mm",0.173,
02409,,,
02410,,,
02411,,,
02412,"BARRA CUADRADA 12,5 x 12,5mm",0.43,3
02413,"BARRA CUADRADA 25,4 x 25,4mm (1"" x 1"")",1.8,3
02414,"BARRA RECTANGULAR 13,0 x 12,0mm",0.43,3
02415,"BARRA CUADRADA 31,75 x 31,75mm",2.78,3
02416,BARRA RECTANGULAR 16 X 15mm,0.649,3
02417,BARRA RECTANGULAR 70 x 32mm,6.17,3
02418,,,
02419,BARRA RECTANGULAR 20 x 40mm,2.2,3
02420,BARRA RECTANGULAR 90mm x 40mm,9.914,3
02421,BARRA RECTANGULAR 150mm x 15mm,6.196,3
02422,"BARRA RECTANGULAR 152mm x 6,53mm",2.735,3
02423,"BARRA RECTANGULAR 152mm x 9,52mm",3.985,3
02424,BARRA RECTANGULAR 180mm x 15mm,7.435,3
02425,,,
02426,BARRA RECTANGULAR 100mm x 5mm,1.376,3
02438,"BARRA CUADRADA 38,1 x 38,1mm",3.97,3
02500,TRAVESAÑO SCHEIMBERG,1.279,6.05
02501,TAPA TRAVESAÑO SCHEIMBERG,0.327,6.05
02502,PORTA PERNO SCHEIMBERG,1.608,6.05
02503,TAPA ALTA SCHEIMBERG,0.443,6.05
02504,CALIBRE CORTO,0.106,0.245
02505,SEGMÓMETRO,0.15,0.785
02600,PERFIL A UNION,0.347,
02601,PERFIL B VERTICAL,0.589,
02602,PERFIL C HORIZONTAL,0.482,
02603,BISAGRA AS METALES,0.57,
02604,MARCO AS METALES,0.359,
02620,"CAÑO 27,5MM ESTRIADO",0.16,6.05
02621,CUBRE CAÑO DE ESCAPE,1.8,
02700,"BARRA HEXAGONAL 25,4mm",1.54,3
02701,"BARRA HEXAGONAL 19,05mm",0.865,3
02702,BARRA HEXAGONAL 23mm,1.26,3
02801,MARCO FRENTE COPLANAR,0.95,
02802,,,
02803,PARANTE LATERAL VENTANA CORREDIZA,0.616,
02804,PARANTE CENTRAL VENTANA CORREDIZA,0.486,
02805,,,
02806,,,
02807,,,
02808,,,
02809,,,
02810,TAPAJUNTA RECTO 20MM,0.175,6.2
02811,MARCO VENTANA CORREDIZA LITORAL 45º,0.766,6.2
02812,,,
02813,ENCUENTRO CENTRAL EXTERIOR,0.154,6.05
02814,HOJA 50MM,0.514,6.05
02815,ENCUENTRO CENTRAL INTERIOR,0.234,6.05
02820,MARCO 45mm PUERTA Y VENTANA DE ABRIR,0.641,6.05
02822,HOJA,0.81,6.05
02823,MARCO CORREDIZO TUBULAR,0.88,6.05
02824,HOJA VENTANA DEA ABRIR,0.72,6.05
02825,MARCO PUERTA Y VENTANA DE ABRIR TUBULAR,0.77,6.05
02826,TAPAJUNTA ENCLIPABLE,0.25,6.05
02830,HOJA PUERTA DE ABRIR DVH,1.08,6.05
02832,HOJA DVH,0.78,6.05
02850,HOJA PUERTA DE ABRIR,1.113,6.2
02851,MARCO PUERTA Y VENTANA DE ABRIR,0.74,6.2
02852,ZOCALO PUERTA DE ABRIR,0.476,6.05
02853,ENCUENTRO HOJAS DE ABRIR,0.737,6.05
02854,HOJA DE ABRIR,0.779,6.05
02855,MARCO RECTO PUERTA Y VENTANA DE ABRIR,0.738,6.2
02856,MARCO PUERTA Y VENTANA DE ABRIR NO COPLANAR,0.701,6.2
02860,JAMBA COMBINADO,0.729,6.2
02861,MARCO COMBINADO ,0.888,6.2
02862,TRAVESAÑO DVH HOJA 90º,0.643,6.05
02863,PARANTE LATERAL DVH HOJA 90º,0.686,6.05
02864,PARANTE CENTRAL DVH HOJA 90º,0.613,6.2
02865,COMPLEMENTO PAÑO FIJO ,0.29,6.2
02866,TAPA TERMINACION ,0.237,6.2
02867,,,
02868,,,
02869,,,
02870,MARCO,1.292,6.2
02871,GUIA MARCO,0.58,6.2
02872,GUIA MARCO SUPERIOR,0.73,6.2
02873,GUIA INFERIOR,0.399,6.2
02874,ZOCALO PLEGABLE,0.275,6.05
02881,TRAVESAÑO 70mm,1.02,6.05
02882,TRAVESAÑO 70mm DVH,0.961,6.05
02890,JAMBA,0.485,6.05
02891,MARCO,0.716,6.05
02892,TAPAJUNTA,0.148,6.05
02893,PARANTE LATERAL,0.755,6.05
02894,PARANTE CENTRAL,0.715,6.05
02896,UNION REDUCCION 180°,0.315,6.05
02897,REFUERZO UMBRAL,0.14,6.05
02899,MARCO VENTANA DESPLAZABLE,0.643,6.2
03001,MARCO,1.16,6.2
03002,TRAVESAÑO,0.718,6.05
03003,PARANTE LATERAL,0.672,6.05
03004,PARANTE CENTRAL,0.603,6.05
03005,MOSQUITERO,0.432,6.05
03006,TRAVESAÑO VENTANA CORREDIZA,0.753,6.05
03007,TRAVESAÑO 110mm,1.274,6.05
03008,UNIÓN 180º 90mm,1.212,6.2
03009,PARANTE CENTRAL REFORZADO,0.916,6.05
03010,JAMBA,0.597,6.2
03011,TAPAJUNTA,0.243,6.2
03012,ENSAMBLE ROTATIVO,0.31,6.05
03013,ENCUENTRO CENTRAL,0.256,6.05
03014,HOJA 45°,0.765,6.05
03015,PREMARCO 37mm,0.325,6.2
03016,UNION MARCO 90°,0.694,6.05
03017,UNION MARCO 180°,0.252,6.05
03018,MARCO,0.733,6.2
03019,HOJA VENTANA DE ABRIR,0.788,6.05
03020,ENCUENTRO CENTRAL,0.829,6.05
03021,TOPE MOSQUITERO,0.188,6.05
03022,PREMARCO,0.46,6.2
03023,HOJA 45° DVH,0.74,6.05
03024,TAPAJUNTA CURVO,0.367,6.2
03025,TAPAJUNTA 34MM,0.24,6.2
03026,CIERRE CENTRAL 4 HOJAS EN 2 GUIAS,0.247,6.05
03027,CIERRE CENTRAL 4 HOJAS EN 2 GUIAS,0.287,6.05
03028,BOTA AGUA,0.114,6.05
03029,GUIA DE CORTINA,0.615,6.05
03030,MARCO FRENTE COPLANAR CON MOSQUITERO,0.93,6.2
03031,MARCO 3 GUIAS FRENTE COPLANAR CON MOSQUITERO,1.4,6.2
03032,TRAVESAÑO DVH,0.69,6.05
03033,PARANTE LATERAL DVH,0.646,6.05
03034,PARANTE CENTRAL DVH,0.577,6.05
03035,HOJA PROYECTANTE,0.983,6.05
03036,HOJA PROYECTANTE DVH,0.954,6.05
03037,TRAVESAÑO 110mm DVH,1.247,6.05
03038,HOJA VENTILUZ,0.95,6.05
03039,PARANTE CENTRAL REFORZADO DVH,0.892,6.05
03040,ENCUENTRO CENTRAL REFORZADO 3014 / 3023,0.759,6.05
03041,HOJA VENTANA DE ABRIR NO COPLANAR,0.864,6.05
03042,HOJA VENTILUZ NO COPLANAR,0.87,6.05
03043,HOJA VENTANA PROYECTANTE,1.087,6.05
03044,HOJA VENTANA DE ABRIR NO COPLANAR RECTA,0.825,6.05
03045,HOJA VENTILUZ NO COPLANAR RECTA,0.831,6.05
03047,,,
03048,HOJA VENTANA DE ABRIR DVH,0.761,6.05
03049,,,
03050,PLETINA PARA FALLEBA,0.158,
03051,GAFA Nº 1 PUERTA REFRIGERACION,0.786,
03052,ZOCALO BOTA AGUA,0.45,6.05
03053,RIEL SAMACO,0.137,
03054,,,
03055,,,
03056,,,
03057,,,
03058,,,
03059,,,
03060,JAMBA MARCO 3 GUIAS,0.947,6.2
03061,MARCO 3 GUIAS,1.665,6.2
03062,,,
03063,,,
03064,,,
03065,,,
03066,TRAVESAÑO VENTANA CORREDIZA DVH,0.701,6.05
03096,,,
03099,MARCO VENTANA DESPLAZABLE,0.65,6.2
03100,TRAVESAÑO HOJA,1.134,6.05
03101,HOJA PUERTA DE ABRIR,1.151,6.2
03102,MARCO,0.71,6.2
03103,CONTRAVIDRIO,0.447,6.05
03104,CONTRAVIDRIO DVH,0.409,6.05
03105,ENCUENTRO CENTRAL,0.827,6.05
03106,MARCO PUERTA CORREDIZA PARALELA,0.92,6.2
03107,ZOCALO HOJA 120MM,1.842,6.05
03115,TRAVESAÑO MOSQUITERO ,0.47,6.05
03150,,,
03201,MARCO CURVO,0.748,6.2
03202,MARCO DOBLE CONTRAVIDRIO,0.652,6.2
03203,TRAVESAÑO CURVO,0.748,6.05
03204,TRAVESAÑO RECTO,0.78,6.05
03205,,,
03209,CONTRAVIDRIO RECTO ALOJAMIENTO 17MM,0.258,6.05
03210,CONTRAVIDRIO RECTO,0.298,6.05
03211,CONTRAVIDRIO RECTO DVH,0.214,6.05
03212,CONTRAVIDRIO CURVO,0.185,6.05
03213,CONTRAVIDRIO CURVO DVH,0.134,6.05
03214,CONTRAVIDRIO 30MM,0.154,6.05
03215,CONTRAVIDRIO CURVO 29MM,0.21,6.05
03216,CONTRAVIDRIO CURVO 12MM,0.117,6.05
03217,CONTRAVIDRIO RECTO 36MM,0.32,6.05
03218,CONTRAVIDRIO CURVO 15MM,0.161,6.05
03219,CONTRAVIDRIO CURVO 36MM,0.23,6.05
03220,HOJA CELOSIA CORREDIZA,0.753,6.05
03221,LAMA CELOSIA CORREDIZA,0.577,6.05
03222,CONTRAVIDRIO RECTO 15MM A 45º,0.172,6.05
03223,CONTRAVIDRIO RECTO 22MM A 45º,0.195,6.05
03224,CONTRAVIDRIO RECTO 29MM A 45º,0.218,6.05
03225,CONTRAVIDRIO RECTO 36MM A 45º,0.241,6.05
03226,CONTRAVIDRIO RECTO 30MM A 45º,0.119,6.05
03227,CONTRAVIDRIO RECTO 8MM A 45º,0.15,6.05
03304,MARCO PUERTA PLACA 47mm,0.555,6.2
03313,ENCUENTRO CENTRAL HOJA 3314,0.317,6.2
03314,HOJA 68MM A 45ª CON CONTRAVIDRIO,0.795,6.05
03400,,,
03401,MARCO VENTANA CORREDIZA PLUS,1.493,6.2
03402,TRAVESAÑO VIDRIO SIMPLE PLUS,0.943,6.2
03403,PARANTE LATERAL VIDRIO SIMPLE PLUS,1.225,6.2
03404,PARANTE CENTRAL VIDRIO SIMPLE PLUS ,1.175,6.2
03405,MOSQUITERO PLUS,0.666,6.2
03406,TRAVESAÑO 65 MM VENTANA CORREDIZA VIDRIO SIMPLE PLUS,1.002,6.2
03407,TRAVESAÑO 110mm VIDRIO SIMPLE PLUS,1.431,6.2
03408,,,
03409,,,
03410,JAMBA CORREDIZA PLUS,0.757,6.2
03411,TAPAJUNTAS 28MM,0.215,6.2
03412,TRAVESAÑO ,1.371,6.2
03413,,,
03414,UNION MARCO 180º PLUS,0.322,6.2
03415,PREMARCO 50 MM,0.411,6.2
03416,,,
03417,UNION MARCO 180º PLUS REFORZADA,1.326,6.2
03418,,,
03419,ENCUENTRO CENTRAL PUERTA DE ABRIR PLUS ,1.142,6.2
03420,ENCUENTRO CENTRAL VENTANA DE ABRIR PLUS,1.187,6.2
03421,TOPE MOSQUITERO PLUS,0.338,6.2
03422,,,
03423,CONTRAVIDRIO RECTO 21MM PATAGONIA PLUS,0.21,6.05
03424,,,
03425,CONTRAVIDRIO RECTO 37MM PATAGONIA PLUS,0.263,6.05
03426,ENCUENTRO 90º PATAGONIA PLUS,0.785,6.05
03427,CIERRE CENTRAL 4 HOJAS EN 2 GUIAS,0.275,6.05
03428,PERFIL BOTAGUAS ,0.137,6.2
03429,,,
03430,CONTRAVIDRIO INTEGRADO SIMPLE PATAGONIA PLUS,0.785,6.05
03431,CONTRAVIDRIO INTEGRADO DVH PATAGONIA PLUS ,0.734,6.05
03432,TRAVESAÑO DVH PLUS,0.884,6.2
03433,PARANTE LATERAL DVH PLUS,1.16,6.2
03434,PARANTE CENTRAL DVH PLUS,1.111,6.2
03435,,,
03436,,,
03437,TRAVESAÑO 110mm DVH PLUS,1.367,6.2
03438,HOJA VENTANA DESPLAZABLE PLUS ,1.194,6.2
03439,,,
03440,HOJA DE ABRIR PATAGONIA VIDRIO SIMPLE PLUS ,1.359,6.2
03441,HOJA DE ABRIR PATAGONIA DVH PLUS,1.285,6.2
03442,MARCO DE ABRIR PLUS,0.932,6.2
03443,HOJA PUERTA PLUS,1.329,6.2
03444,TRAVESAÑO HOJA PUERTA PLUS,,6.2
03445,,,
,,,
03447,ZÓCALO HOJA PUERTA PLUS ,2.257,6.2
03448,HOJA VENTANA PARA CONTRAVIDRIO INTEGRADO,0.952,6.2
03460,JAMBA CORREDIZA TRES HOJAS PLUS ,1.137,6.2
03461,MARCO VENTANA CORREDIZA TRES HOJAS PLUS,2.159,6.2
03465,PREMARCO 96 MM,0.687,6.2
03466,TRAVESAÑO 65 MM VENTANA CORREDIZA DVH PLUS,0.889,6.2
03499,MARCO VENTANA DESPLAZABLE PLUS ,0.745,6.2
,,,
,,,
,,,
03501,MARCO 75mm,1.149,
03521,GUIA MOSQUITERO PARA 03501,0.228,
04001,J.A. Nº 1,0.727,6.05
04002, J.A. Nº 2,0.82,6.05
05050,ATEC,0.478,6.05
05051,PORTA FELPA,0.267,6.05
05052,PORTA CEPILLO,0.162,
05053,CASITA,0.416,
05054,CAÑO OVALADO,0.2,
05055,RPB 1,0.65,6.05
05056,RPB 2,0.655,6.05
05057,RPB 3,0.375,
05058,RPB 4,0.515,
05059,U 64MM,0.57,
05060,PERFIL FRENO RPB,4.876,
05061,TRIANGULO,,
05062,PARANTE CUADRADO PESADO,1.68,6.05
05063,BARRE FONDO VULCANO,1.55,
05064,GUIA CORTINA IVECO,0.11,5.1
05065,CORTINA LUXE PERFIL,0.351,
05066,"PERFIL U 15X27X1,7mm",0.366,6.05
05067,PORTA BLINDEX,1.511,
05068,PARABRISAS LANCHA 1,0.59,
05069,HACHE TUBULAR,0.328,
05070,OVALO 15MM,0.318,
05071,OVALO 30MM,0.942,
05072,CAÑO OVALADO 30MM,0.24,
05073,MARCO SERIGRAFIA,1.4,
05074,ESTRIBO,1.56,5.5
05075,GUIA CORTINA DE ENROLLAR 120MM,1.279,6.2
05100,PERFIL PERCUSSION,0.076,6.05
05101,PERFIL PERCUSSION 2,0.13,6.05
05102,PERFIL 1 ,0.588,6.05
05103,PERFIL 2,0.609,6.05
05199,GUÍA PUERTA PLEGABLE,1.661,6.2
05200,AMURE,0.505,
05201,PORTA VIDRIO 6mm,0.378,
05202,REGULACION,0.568,
05203,PORTA BURLETE,0.147,
05204,ENSAMBLE ROTOR,1.31,
05205,PORTA VIDRIO,0.381,
05206,PORTA BURLETE BASE MAMPARA 8mm,0.17,
05207,UNION 45º,0.34,
05208,HOJA FIJA 6 / 8mm,0.57,
05220,GUIA SUPERIOR MC,0.740826,
05221,TAPA SUPERIOR MC,0.294678,
05222,GUIA INFERIOR MC,0.335988,
05223,TAPA INFERIOR MC,0.077112,
05224,GUIA SUPERIOR MC,0.675,6.2
05225,ZÓCALO,1.333,6.2
05226,GUIA PUERTA TELESCOPICA,1.212,6.05
05227,,,
05228,,,
05229,,,
05230,HOJA PLACARD VIDRIO 6MM,0.67,
05231,GUIA VEO,0.35,
05232,MANIJA CAJON,0.327,
05233,MANIJA PLACARD CLASE A,0.41,
05234,MANIJA PLACARD PREMIUM,0.625,
05235,ZOCALO Y DINTEL,0.312,6.05
05236,GUIA PLACARD 53MM,0.287,6.05
05237,MANIJA PLACARD TUBULAR,0.385,6.05
05238,ZOCALO Y DINTEL 78MM,0.802,6.05
05239,GUIA SUPERIOR PLACARD 75MM,0.58,6.05
05240,MANIJA PLACARD MADERA VIDRIO,0.428,6.05
05241,TAPA BARANDA PANORAMA,0.621,6.05
05242,PRENSA DE BARANDA ,5.176,3.5
05243,BASE BARANDA,altofem,5
05244,CAÑO 10X30,0.484,6.05
05245,DINTEL PUERTA CORREDIZA 3H,1.33,6.2
05246,TAPA PUERTA CORREDIZA 3H,0.35,6.2
05247,ZÓCALO PUERTA CORREDIZA 3H,0.5,6.2
05248,DINTEL PLEGABLE,0.931,6.05
05249,MANIJA PLACARD MADERA VIDRIO,0.368,6.05
05250,REBATIBLE,0.627,
05251,BASE,0.402,
05252,W11-102S,1.864,6.2
05253,W11-102M,3.639,5.5
05254,W11-102I,1.965,6.2
05255,BROCHE V,"0,276","6,05"
05256,LAMA REV 8,1.01,6.05
05257,"CAÑO ALUMINIO 101,6MM",1.384,6.05
05258,PERFIL PANEL SOLAR,0.614,6.05
05259,ISIDRO,0.53,6.05
05260,PERFIL PRENSA VIDRIO,0.485,6.05
05261,"CAÑO ESTRIADO ø19,1",0.169,6.05
05262,"CAÑO ESTRIADO ø 31,9",0.286,6.05
05263,"CAÑO LISO ø28,4",0.237,6.05
05264,TIRADOR ,0.155,6.05
05265,PORTA PAQUETE,1.237,6.05
05266,MARCO SUPERIOR,0.61,6.05
05267,ENCUENTRO DE HOJAS,0.312,6.05
05268,MARCO INFERIOR 3 GUIAS,1.016,6.05
05269,MARCO INFERIOR 2 GUIAS,0.69,6.05
06000,SOPORTE FLUORECENTE,1.081,
06001,BASE FIJA,0.982,
06002,BASE MOVIL,0.963,
06003,ESQUINERO,0.569,
06004,MOLDURON PORTAPAQUETE JT,3.057,5.5
06005,BARRE FONDO VULCANO,1.224,6.05
06006,DISIPADOR LED,7.127,1.83
06007,PERFIL PORTA LED,0.094,6.05
06008,COLUMNA BALANZA,,
06009,PERFIL AL ENCASTRE DOBLE,0.892,6.05
06010,PERFIL GABINETE DE ILUMINACION,2.339,
06011,GUÍA ESTRUTEC,0.13,6.05
06012,GUIA,0.652,
06013,CANTO MUEBLE,0.228,
06014,PEFIL U CENTRAL,0.705,
06015,PERFIL LATERAL,0.494,6.05
06016,PLANCHUELA 50mm,0.667,6.05
06017,PERRO CADENA,2.138,6.05
06018,PLANCHUELA 50 MM,1.205,6.05
06019,GUARDA CERAMICO 12mm,0.145,6.05
06020,BISAGRA COLGANTE,1.243,6.05
06021,GUARDA CERAMICO 9mm,0.126,6.05
06022,CRUZ,0.057,6.05
06023,INVAP 01,0.269,6.05
06024,INVAP 02,0.211,6.05
06025,CORREDERA   ,0.278,6.05
06026,,2.23,6.05
06027,ZOCALO,0.266,6.05
06028,CAJON,1.07,6.05
06029,BASE CABEZAL,0.185,6.05
06030,PORTA CARTEL OMNIBUS,0.31,6.05
06031,CORREDERA 910,1.65,6.05
06032,CABEZAL PLEGABLE,0.43,6.05
06033,GUIA,4.13,4.3
06034,SUJETADOR DE LONA,0.395,6.05
06035,GUIA LATERAL,1.38,6.05
06036,FLEJE TRANSVERSAL,1.43,6.05
06037,PERFIL DE 5 VIAS,0.831,6.05
06038,PERFIL TAPA CAJON 86MM,0.483,6.05
06039,PERFIL CAJON 86MM,1.605,6.05
06040,BASE CLARABOYA,0.835,
06041,PARANTE 40 x 40MM,1.674,6.05
06042,SOPORTE ROLLBOX 86,0.95,6.05
06043,TERMINAL 17x34,0.38,6.05
06044,BASE FLUORESCENTE,0.5,
06045,GUIA 20 X 60,0.495,6.05
06046,"BANDA 28 X 27,5",0.31,6.05
06047,GUIA ZIP 40 X 20,0.4,6.05
06048,CENEFA 75 X 75,0.54,6.05
06049,CENEFA 120 X 100,0.69,6.05
06050,A1 DOBLE T,0.553,6.05
06051,A3 TAPA,0.425,6.05
06052,A4 MARCO,0.951,
06053,ESCUADRA 11mm,1.5,6.05
06054,"CAÑO REDONDO 79,7",1.143,6.05
06055,MOLDURA JULIO GOUX,0.45,6.05
06056,CAÑO OVALADO,1.13,6.05
06057,AL01,1.34,6.05
06058,AL02,1.084,6.05
06059,INSERTO GUIA,7.05,Largo de barra a confirmar por cliente
06060,PERFIL GABINETE,0.985,6.05
06061,MOLDURA PUERTAS PLACA,0.051,6.05
06062,GUIA CORTINA DE ENROLLAR PARA PREMARCO DE CHAPA,0.335,6.05
06063,GUIA SUPERIOR FRENTE DE PLACARD,0.715,6.05
06064,HOJA CURVA ALACENA,0.445,6.05
06065,SUJETADOR TELA,0.227,
06066,GUIA DE MARIDGE,7.832,
06067,TABLILLA CORTINA BARRIO CON PORTAFELPA,0.511,6.05
06068,AMURE MAMPARA REBATIBLE,0.365,6.05
06069,REGULADOR MAMPARA REBATIBLE,0.8,6.05
06070,PORTAVIDRIO MAMPARA REBATIBLE,0.88,6.05
06071,ENROLLADOR TOLDO 38.5mm,0.4,6.05
06072,ENROLLADOR TOLDO 30mm,0.305,6.05
06073,PORTAPRECIOS,0.656,Largo de barra a confirmar por cliente
06074,CENEFA SUPERIOR 2011,1.168,Largo de barra a confirmar por cliente
06075,MESADA DE ALUMINIO BATEA,1.43,
06076,"ENROLLADOR TOLDO 30,5mm",0.31,6.05
06077,PORTA CINTA LEDS,0.191,6.05
06078,REFUERZO INTERIOR PUERTA DE BODEGA,0.355,6.05
06079,PERFIL ALOJAMIENTO ILUMINACION LEDS,0.535,6.05
06080,PARANTE CERCO PISCINA,0.301,6.05
06081,MARCO VENTANA COLECTIVOS,0.295,6.2
06082,CONTRAVIDRIO VENTANA COLECTIVOS,0.185,6.2
06083,MARCO BANDEJAS PANADERAS,0.241,4.5
06084,INSERTO ALUMINIO MAA/MSC,7.32,Largo de barra a confirmar por cliente
06085,ACCESORIO BALANZA,0.192,6.05
06086,GUIA PARA CORTINAS ROLLER,0.549,6.05
06087,PERFIL DE VENTANA,0.501,6.05
06088,ESQUINERO EXHIBIDORES,1.424,6.05
06089,BARRA GUARDACICLISTA,1.491,
06090,PERFIL 1 LADO PASILLO,1.542,6.05
06091,PERFIL 2 LADO VENTANILLA,0.77,6.05
06092,PERFIL REGLA PARALELA,0.195,6.05
06093,PERFIL MORDAZA,6.439,2.6
06094,PERFIL SOPORTE,5.599,3
06095,PERFIL 1 LADO PASILLO TROQUELADO,1.542,6.05
06096,PERFIL 2 LADO VENTANILLA TROQUELADO,0.764,6.05
06097,ESTRIBO CUPULAS AMERICA,1.313,6.05
06098,MARCO PUERTA PLACA,0.548,6.2
06099,PERFIL TECNOLOGIA ELECTRICA,0.662,6.05
06100,GOMO L SEWASA,0.881,6.05
06101,GOMO R,0.58,6.05
06102,GOMO H,0.525,6.05
06103,PERFIL ROTOR,2.279,
06104,SUJETADOR PLASTICO INVERNADERO,0.198,
06105,PERFIL PARA VENTILETE,0.371,6.05
06106,GUIA BALCON CHICO REMOVIBLE,0.274,6.05
06107,"PERFIL ""C"" MANIJA TIRADORA",0.237,6.05
06108,MANIJA ,0.378,6.05
06109,PERFIL MANIJA PARA MELAMINA 18MM,0.348,6.2
06110,PLATINA,1.276,
06111,PIÑON,1.672,
06112,PERFIL PORTAPAQUETE SUPERIOR S 001 00 01 0,1.112,2.1
06113,PERFIL COLUMNA BARANDA,0.427,3.5
06114,PERFIL PLANCHUELA COLUMNA BARANDA,0.138,3.5
06115,CAMIMPORT 03-D,0.489,6.05
06116,CAMIMPORT 04-D,0.407,
06117,PUERTA INSPECCION,2.11,6.05
06118,PERFIL INFERIOR,1.431,6.05
06119,PERFIL INFERIOR SIMETRICO,1.09,6.05
06120,PERFIL SUPERIOR SIMETRICO,1.051,6.05
06121,PERFIL LARGUERO,2.037,6.05
06122,PERFIL CENTRAL,1.988,6.05
06123,PERFIL SUPERIOR S,1.092,6.05
06124,INSERTO ALUMINIO LIFTER CILINDRO,6.474,2.6
06125,TIRADOR MELAMINA 15MM,0.264,6.05
06126,TP-1,0.668,6.05
06127,TP-2,1.074,6.05
06128,PERFIL PASILLO SUPERIOR,1.873,6.05
06129,PERFIL PASILLO INFERIOR,1.247,6.05
06130,SUJETADOR LONA,0.702,6.05
06131,TAPA ROLLO,0.907,6.05
06132,BARRA DE SUSTENTACION,0.456,6.05
06133,PERFIL FRONTAL,0.772,6.05
06134,PERFIL DISIPADOR 00900100,5.109,3.07
06135,PERFIL PROLONGADOR PARA TAPITA 8MM,0.103,6.05
06136,PERFIL ADAPTADOR PARA LAMINADO 4+4,0.421,6.05
06137,PERFIL IMAN,0.395,6.05
06138,PERFIL PASILLO SUPERIOR TROQUELADO,1.858,6.05
06139,PERFIL PASILLO INFERIOR TROQUELADO,1.237,6.05
06140,CP2,0.241,6.05
06141,CONTRAPESO TOLDO,0.65,6.05
06142,TTU0012 TUBO ENROLLADOR,0.953,6.05
06143,MANIJA,,
06144,TAPA TAPARROLLO CLIPABLE,0.211,6.05
06145,GUIA INFERIOR PLACARD 48MM,0.264,6.05
06146,PERFIL AVM TOP,0.531,6.05
06147,PERFIL BASE LUMINARIA 3001,2.822,Largo de barra a confirmar por cliente
06148,MP02050,0.206,6.05
06149,MP02049,0.288,6.05
06150,MARCO POLITAL,0.94,
06151,DISIPADOR 70MM,2.036,2.9
06152,BROCHE 30 X 12 MM,0.283,6.05
06153,PASAMANOS PORTA PAQUETE,0.749,6.05
06154,HOJA 10MM,0.48,6.05
06155,BASE LATERAL GRANDE ,0.793,6.05
06156,TAPA LATERAL GRANDE ,1.041,6.05
06157,PERFIL L PLEGAKIT,0.25,6.05
06158,PERFIL U PLEGAKIT,0.376,6.05
06159,COLUMNA,0.799,6.1
06160,GUIA MAQUINA,3.94,5
06161,LP 1,4.109,4.7
06162,LP 2,5.033,3.7
06163,LA 1,6.361,2.7
06164,LA 2,2.382,6.05
06165,LB 1,4.241,4.7
06166,LB 2,6.444,2.7
06167,LV 1,2.71,6.05
06168,LV 2,2.743,6.05
06169,LZ 1,0.901,6.05
06170,PG 633,0.878,6.05
06171,PG 634,0.748,6.05
06172,PG 632,0.574,6.05
06173,CABEZAL MAMPARA CORREDIZA 60mm,1.006,6.05
06174,GUIA SUPERIOR PLACARD,0.698,6.05
06175,PERFIL ZEN,0.499,6.05
06176,HOJA DESLIZANTE PLEGAKIT,0.521,6.05
06177,SLIDE,0.636,6.05
06178,RIEL,2.805,6.05
06179,CANAL CPI,1.588,6.05
06180,ZOCALO M1,0.265,6.05
06181,B1,0.404,6.05
06182,B2,0.053,6.05
06183,N5,1.096,6.05
06184,N4,1.315,6.05
06185,BAJADA DE CPI,1.078,6
06186,M-32,0.325,6.05
06187,EURO 38,"0,400",6.05
06188,CRUZ PEQUEÑA,0.045,6.05
06189,M-80,1.312,7
06190,PERFIL CORREDIZO LUGLASS,1.08,6.05
06191,MARCO LIVIANO VENTANA CORREDIZA,0.567,6.05
06192,TRAVESAÑO LIVIANO VENTANA CORREDIZA,0.347,6.05
06193,PARANTE LATERAL LIVIANO VENTANA CORREDIZA,0.374,6.05
06194,PARANTE CENTRAL LIVIANO VENTANA CORREDIZA,0.355,6.05
06195,RODILLO ZEBRA,0.175,6.05
06196,ZOCALO ZEBRA,0.21,6.05
06197,PERFIL GUIA ORIENTAL,0.549,6.05
06198,PERFIL TELA ORIENTAL,0.225,6.05
06199,DG-14,4.783,3.6
06200,TRAVESAÑO 50mm CON ALA,0.721,6.05
06201,PARANTE 360°,1.006,6.05
06202,BASE PRENSA,0.55,
06203,MOVIL PRENSA,0.49,
06204,REGLA,0.384,
06205,PARANTE 180°,0.73,6.05
06206,PARANTE 90°,0.54,6.05
06207,TRAVESAÑO CON ALA LIVIANO,0.46,6.05
06208,PORTA PANEL 18mm,0.22,6.05
06209,MARCO PARA HOJA DE ABRIR DE 25mm,0.33,6.05
06210,PARANTE TRAVESAÑO 40mm,1,6.05
06211,MARCO PARA HOJA DE ABRIR DE 25mm PERF. 06210,0.54,6.05
06212,TRAVESAÑO 50mm DOBLE ALA,0.78,6.05
06213,TRAVESAÑO 50mm,0.674,6.05
06214,REGLA,0.33,
06215,PARANTE TUBULAR 25MM,0.284,6.05
06216,MANIJA,0.39,6.05
06217,INS 0855 INSERTO ALUMINIO,3.34,6.05
06218,JUNTA UNION TUBERIA PFRV,3.908,4.6
06219,GUIA SUPERIOR PLACARD,0.58,6.05
06220,REGLA FEXA ,0.267,6.05
06221,PARANTE TUBULAR CON ALA 25MM,0.313,6.05
06222,PARANTE TUBULAR DOBLE ALA 25MM,0.341,6.05
06223,ESCUADRA ARMADO BOX PERFIL 5062 1X1,1.097,6.05
06224,ESCUADRA ARMADO BOX PERFIL 5062 1X2,1.679,6.05
06225,ESCUADRA ARMADO BOX PERFIL 5062 2X2,2.26,6.05
06250,GUIA SUPERIOR,0.613,6.05
06251,HOJA 19mm (MELAMINA DE 15mm),0.41,6.05
06252,GUIA INFERIOR,0.65,6.05
06253,MANIJA,0.44,6.05
06254,MANIJA ERGONOMICA,0.761,6.05
06260,MESA PERFILES P1350,4.591,6.05
06290,BASE LATERAL -V2,0.684,6.05
06291,TAPA LATERAL-V2 ,1.03,6.05
06292,TAPA FRONTAL-V2 ,0.738,6.05
06300,PERFIL 06300,0.723,6.05
06301,PERFIL 06301,0.603,6.05
06302,PERFIL TIRADOR PARA TRABA BANDEROLA,1.277,6.05
06303,,,
06304,,,
06305,,,
06306,,,
06307,PERFIL 06307,0.802,6.05
06308,PERFIL 06308,0.565,6.05
06309,PERFIL 06309,0.576,6.05
06310,"PLANCHUELA 12,70 x 5,0mm",0.174,6.05
06311,BISAGRA 36 EMMI,0.714,6.05
06312,MT-70,1.002,6.05
06313,MP-1,1.381,6.05
06314,MP-2,1.622,7
06315,CENEFA,1.067,6.05
06316,MP-3,0.961,6.05
06317,609109,1.944,6.05
06318,609246,0.707,6.05
06319,609247,0.81,6.05
06320,609248,1.064,6.05
06321,609245,0.144,6.05
06330,NY2,0.864,6.05
06331,,,
06332,04/002683-1,1.593,6.05
06401,MARCO VENTANA CORREDIZA A 90º,1.14,6.2
06402,MARCO PUERTA,0.728,6.2
06406,TAPAJUNTAS DE CLIPAR 26MM,0.191,6.2
06410,JAMBA VENTANA CORREDIZA A 90º,0.615,6.2
06411,TAPAJUNTAS VENTANA CORREDIZA ,0.205,6.2
06412,,,
06413,TAPAJUNTAS VENTANA CORREDIZA A 90º,0.158,6.2
06414,,,
06415,,,
06416,,,
06417,,,
06418,MARCO VENTANA DE ABRIR,0.769,6.2
06419,,,
06420,,,
06421,MARCO PAÑO FIJO CURVO,0.767,6.2
06430,MARCO FRENTE COPLANAR CON MOSQUITERO,0.903,6.2
06431,MARCO RECTO 2 GUIAS VENTANA CORREDIZA A 90º,1.155,6.2
06451,MARCO RECTO 3 GUIAS VENTANA CORREDIZA A 90º,1.666,6.2
06460,JAMBA MARCO 3 GUIAS,0.968,6.2
06461,MARCO 3 GUIAS VENTANA CORREDIZA A 90º,1.686,6.2
06499,MARCO VENTANA DESPLAZABLE ,0.611,6.2
,,,
07000,PORTA,0.308,6.05
07001,COMODIN WINTER,0.61,6.05
07002,VAIVEN WINTER,0.423,6.05
07003,BASE WINTER,0.733,6.05
07004,ZOCALO CORTINA,0.319,6.05
07005,ESCALON,0.526,6.05
07006,ZOCALO CORTINA 2000,0.384,6.05
07007,CAÑO,0.289,6.05
07008,ZOCALO SANITARIO,0.339,6.05
07009,BASE FIJA,0.678,6.05
07010,BASE MOVIL,0.815,6.05
07011,PORTAPRECIOS,0.288,6.05
07012,MARCO CÁMARA ANCHO,0.64,6.05
07013,CANTO CAMARA,0.516,6.05
07014,CANTO CARROCERIA,0.869,6.05
07015,CANTO CARROCERIA CONTINUACION 07014,0.692,6.05
07016,ANGULO CON CAVA,0.326,6.05
07017,ROLLO PORTA CORTINA,0.497,
07018,PERFIL PARA MOSQUITERO MOLPACO,0.409,6.05
07019,,,
07020,PERFIL ESQUINERO,0.656,6.05
07020,PERFIL ESQUINERO,0.643,
07021,BASE RADIO SANITARIO,0.226,6.05
07022,MARKET 22,0.867,6.05
07023,MARKET 23,0.777,6.05
07024,CREMALLERA,0.093,6.05
07025,ZOCALO HEMBRA,0.161,6.05
07026,ZOCALO MACHO,0.219,6.05
07027,TAPA ROLLO,0.736,6.05
07028,GUIA CORTINA,0.422,6.05
07029,TAPA ROLLO DE 67MM,0.84,6.05
07030,ZOCALO MACHO REFORZADO,0.22,6.05
07031,CAJA POLIFUNCIONAL 72,0.98,6.05
07032,ZOCALO CLIPABLE MACHO-HEMBRA,0.344,6.05
07033,BASE FIJA LIVIANA,0.361,6.05
07034,BASE MOVIL LIVIANA,0.525,6.05
07035, TUBO 38MM,0.365,"6,05"
07036,PUNTERA ESTRIBO 5074,0.783,6.05
07037,FRENTE CENEFA,0.779,6.05
07038,PERFIL LATERAL ALTA GAMA,1.646,6.05
07039,ZÓCALO MINI,0.199,6.05
07040,GUÍA DE 30 MM,0.282,6.05
07041,GUÍA SUPERIOR PARA HORIZONTAL CON RUEDA,0.516,6.05
07042,TUBO 150,0.143,6.05
07043,CAJON 32MM,0.384,6.05
07044,,,
07045,,,
07046,,,
07047,,,
07048,,,
07049,MAG 001,1.196,6.05
07050,POLILUX POLITAP,0.365,6.05
07052,POLILUX PERFIL A LATERAL ALERO,0.937,6.05
07053,POLILUX PERFIL B FRONTAL ALERO,0.368,6.05
07054,POLILUX PERFIL C ESCUADRA ALERO,0.528,6.05
07055,POLILUX PERFIL D LATERAL ALERO DOBLE,1.175,6.05
07056,MARCO PUERTA,0.585,6.05
07057,MANIJA PUERTA,0.743,6.05
07058,PERFIL ALETAS ,0.245,6.2
07059,,,
07060,DIFUSOR BOMBILLA,0.196,6.05
07100,JAMBA CENTRAL,0.42,6.05
07101,JAMBA LATERAL,0.672,6.05
07102,TRAVESAÑO SUPERIOR,0.666,6.05
07103,TRAVESAÑO INFERIOR,0.688,6.05
07104,TAPA,0.276,6.05
07105,GUIA,0.304,6.05
07106,GUIA COLECTORA,0.475,6.05
07107,PIVOTANTE,0.533,6.05
07108,HACHE,0.293,6.05
07109,TOLDO PORTA POLICARBONATO,0.719,
07110,TRAVESAÑO SUPERIOR EXTENDIDO,0.742,6.05
07150,GUIA INFERIOR,0.232,
07151,GUIA SUPERIOR,0.198,6.05
07160,CALENDARIO MODELO 2004,0.698,6.05
07161,,,
07162,,,
07163,,,
07164,,,
07165,BORDE TAPA 18mm,0.432,
07166,PERFIL NEO,0.265,6.05
07167,PLANCHUELA,0.275,6.05
07168,PERFIL J,0.358,6.05
07169,PERFIL C ,0.501,6.05
07170,PERFIL VITRINA MINORU,0.527,6.05
07171,,,
07172,,,
07173,,,
07174,,,
07175,,,
07176,,,
07177,,,
07178,,,
07179,,,
07180,PERFIL P-7419,0.374,6.05
08001,MARCO VENTANA CORREDIZA,2.127,6.2
08002,ENCUENTRO CENTRAL,0.51,6.05
08003,ENCUENTRO CENTRAL REFORZADO,1.15,6.05
08004,HOJA CAMARA 34MM,1.186,6.05
08005,MOSQUITERO,0.98,6.05
08006,GUIA MARCO INFERIOR TRANSITABLE,0.112,6.05
08007,UMBRAL DESAGUE,0.697,6.05
08008,CORREDERA,0.17,6.05
08009,MARCO INFERIOR TRANSITABLE,1.957,6.05
08010,TAPAJUNTA 45MM,0.328,6.05
08011,MARCO DOS HOJAS CORREDIZAS,1.405,6.2
08012,TAPAJUNTA 25MM,0.196,6.05
08013,TAPAJUNTA 23MM,0.185,6.05
08014,UNION MARCO 180º 60MM,0.285,6.05
08015,GUIA ADICIONAL,0.7,6.05
08016,ADAPTADOR VIDRIO SIMPLE,0.312,6.05
08017,UNION MARCO 180º 120MM,1.28,6.05
08018,MARCO REBATIR 65MM,0.995,6.2
08019,HOJA REBATIR DVH,1.178,6.05
08020,CONTRAVIDRIO PAÑO FIJO 15MM,0.35,6.05
08021,CONTRAVIDRIO PAÑO FIJO 34MM,0.27,6.05
08022,CONTRAVIDRIO RECTO PAÑO FIJO 15MM,0.425,6.05
08023,CONTRAVIDRIO RECTO PAÑO FIJO 34MM,0.325,6.05
08024,HOJA 83MM CON CONTRAVIDRIO,1.174,6.05
08025,ENCUENTRO CENTRAL,0.475,6.05
08026,,,
08027,MARCO CORREDIZO  PARA GUIA ACOPLABLE ,1.472,6.2
08028,GUIA CORREDIZA ACOPLABLE,0.915,6.2
08029,PREMARCO PASACABLE,0.74,6.05
08030,PREMARCO PARA HORMIGON,0.36,6.05
08031,PREMARCO,0.425,6.05
08032,ACOPLE CANAL DE CONDENSACION,0.521,6.05
08033,MARCO HOJA CORREDIZA CON PAÑO FIJO,1.337,6.2
08034,TAPA TERMINACION MARCO,0.425,6.05
08035,,,
08036,HOJA VENTILUZ,1.25,6.05
08037,,,
08038,,,
08039,,,
08040,PARANTE CENTRAL REFORZADO ,2.155,6.2
08041,MARCO VENTANA DE ABRIR NO COPLANAR,1.075,6.2
08042,HOJA VENTANA DE ABRIR NO COPLANAR,1.129,6.05
08043,ENCUENTRO CENTRAL VENTANA DE ABRIR ,1.035,6.05
08044,CONTRAVIDRIO RECTO 31MM,0.377,6.05
08045,CONTRAVIDRIO CURVO 31MM,0.233,6.05
08046,,,
08047,,,
08048,,,
08049,,,
08050,MARCO PARA VENTANA DE APERTURA EXTERNA,1.117,6.05
08051,HOJA PARA VENTANA DE APERTURA EXTERNA,0.928,6.05
08052,PLETINA PARA VENTANA DE APERTURA EXTERNA,0.186,6.05
08053,,,
08054,,,
08055,MOSQUITERO APLICABLE ,0.32,6.05
08056,,,
08057,,,
08058,,,
08059,,,
08060,PARANTE LATERAL/CENTRAL 83MM,2.171,6.05
08061,,,
08062,,,
08063,,,
08064,CABEZAL/ ZÓCALO 83MM,1.172,6.05
08099,MARCO VENTANA DESPLAZABLE,0.887,6.05
08100,TRAVESAÑO PUERTA DE ABRIR,1.55,6.05
08101,HOJA PUERTA DE ABRIR,1.34,6.2
08102,MARCO PUERTA DE ABRIR,1.106,6.2
08103,,,
08104,ZOCALO PUERTA DE ABRIR,0.31,6.05
08105,ENCUENTRO CENTRAL,0.983,6.2
08106,,,
08107,ZÓCALO PUERTA,1.831,6.05
08204,TRAVESAÑO,0.9,6.05
08214,CONTRAVIDRIO RECTO 32MM,0.133,6.05
08500,,,
08501,,,
08502,,,
08503,,,
08504,HOJA RPT,0.711,6.05
08505,,,
08540,,,
08541,MARCO VENTANA DE ABRIR NO COPLANAR RPT ,,6.2
08542,HOJA VENTANA DE ABRIR NO COPLANAR RPT,,6.05
08543,MARCO VENTANA DE ABRIR 1 NO COPLANAR RPT ,0.563,6.2
08544,MARCO VENTANA DE ABRIR 2 NO COPLANAR RPT,0.616,6.2
08545,HOJA VENTANA DE ABRIR 1 NO COPLANAR RPT,0.483,6.05
08546,HOJA VENTANA DE ABRIR 2 NO COPLANAR RPT,0.68,6.05
09001,MARCO VENTANA CORREDIZA REFORZADO,0.92,6.05
09002,TRAVESAÑO VENTANA CORREDIZA REFORZADO,0.509,6.05
09003,PARANTE LATERAL VENTANA CORREDIZA REFORZADA,0.51,6.05
09004,PARANTE CENTRAL VENTANA CORREDIZA REFORZADA,0.5,6.05
09005,MOSQUITERO VENTANA CORREDIZA REFORZADA,0.432,
09006,,,
09007,,,
09008,,,
09009,,,
09010,,,
09011,TAPAJUNTA RECTO,0.251,6.2
09012,TAPAJUNTA CURVO,0.312,6.2
09013,TAPAJUNTA,0.148,6.2
09014,,,
09015,,,
09016,,,
09017,,,
09018,,,
09019,,,
09020,,,
09021,,,
09022,,,
09023,,,
09024,,,
09025,,,
09026,,,
09027,,,
09028,,,
09029,,,
09030,,,
09031,,,
09032,,,
09033,,,
09034,,,
09035,,,
09036,,,
09037,,,
09038,,,
09039,,,
09040,,,
09041,,,
09042,,,
09043,,,
09044,,,
09045,,,
09046,,,
09047,,,
09048,,,
09049,,,
09050,,,
09051,,,
09052,,,
09053,,,
09054,,,
09055,,,
09056,,,
09057,,,
09058,,,
09059,,,
09060,,,
09061,,,
09062,,,
09063,,,
09064,,,
09065,,,
09066,,,
09067,,,
09068,,,
09069,,,
09070,,,
09071,,,
09072,,,
09073,,,
09074,,,
09075,,,
09076,,,
09077,,,
09078,,,
09079,,,
09080,,,
09081,,,
09082,,,
09083,,,
09084,,,
09085,,,
09086,,,
09087,,,
09088,,,
09089,,,
09090,,,
09091,,,
09092,,,
09093,,,
09094,,,
09095,,,
09096,,,
09097,,,
09098,,,
09099,,,
09100,COLUMNA 96mm,1.645,6.2
09101,COLUMNA LATERAL 96mm,1.035,6.2
09102,½ COLUMNA ROTADOR HEMBRA 96mm,1.475,6.2
09103,½ COLUMNA ROTADOR MACHO 96mm,1.154,6.2
09104,TRAVESAÑO,0.968,6.2
09105,TRAVESAÑO SUPERIOR – INFERIOR,0.687,6.05
09106,HOJA,0.527,6.2
09107,HOJA CON ALA,0.564,6.2
09108,HOJA DVH,0.562,6.2
09109,SOPORTE COLUMNA-TRAVESAÑO,0.418,6.05
09110,GOTERON,0.215,6.05
09111,CIERRE DE LOSAS 50MM,0.37,
09112,CIERRE DE LOSAS 80MM,0.52,
09113,CIERRE DE LOSAS 100MM,0.59,
09114,COLUMNA ESQUINA 96mm,1.83,6.2
09115,TRAVESAÑO SUPERIOR,0.695,6.05
09116,TRAVESAÑO INFERIOR,0.775,6.05
09117,COLUMNA 56MM,1.35,6.2
09118,COLUMNA 43MM – TRAVESAÑO,1.06,6.2
09119,,,
09120,COLUMNA 130 mm,2.467,6.2
09121,,,
09122,,,
09123,,,
09124,,,
09125,,,
09126,,,
09127,,,
09128,,,
09129,,,
09130,,,
09131,,,
09132,,,
09133,,,
09134,,,
09135,,,
09136,,,
09137,,,
09138,,,
09139,,,
09140,,,
09141,,,
09142,,,
09143,,,
09144,,,
09145,,,
09146,,,
09147,,,
09148,,,
09149,,,
09150,,,
09151,,,
09152,,,
09153,,,
09154,,,
09155,,,
09156,,,
09157,,,
09158,,,
09159,,,
09160,,,
09161,,,
09162,,,
09163,,,
09164,,,
09165,,,
09166,,,
09167,,,
09168,,,
09169,,,
09170,,,
09171,,,
09172,,,
09173,,,
09174,,,
09175,,,
09176,,,
09177,,,
09178,,,
09179,,,
09180,,,
09181,,,
09182,,,
09183,,,
09184,,,
09185,,,
09186,,,
09187,,,
09188,,,
09189,,,
09190,,,
09191,,,
09192,,,
09193,,,
09194,,,
09195,,,
09196,,,
09197,,,
09198,,,
09199,,,
09200,PASAMANOS REDONDO,1.158,6.2
09201,PASAMANOS RECTANGULAR,0.93,6.2
09202,TAPA PASAMANOS,0.255,
09203,COLUMNA BARANDA BALCON,1.09,
09204,SOPORTE VIDRIO,0.411,
09205,,,
09206,,,
09207,,,
09208,,,
09209,,,
09210,,,
09211,,,
09212,,,
09213,,,
09214,,,
09215,,,
09216,,,
09217,,,
09218,,,
09219,,,
09220,,,
09221,,,
09222,,,
09223,,,
09224,,,
09225,,,
09226,,,
09227,,,
09228,,,
09229,,,
09230,,,
09231,,,
09232,,,
09233,,,
09234,,,
09235,,,
09236,,,
09237,,,
09238,,,
09239,,,
09240,,,
09241,,,
09242,,,
09243,,,
09244,,,
09245,,,
09246,,,
09247,,,
09248,,,
09249,,,
09250,,,
09251,,,
09252,,,
09253,,,
09254,,,
09255,,,
09256,,,
09257,,,
09258,,,
09259,,,
09260,,,
09261,,,
09262,,,
09263,,,
09264,,,
09265,,,
09266,,,
09267,,,
09268,,,
09269,,,
09270,,,
09271,,,
09272,,,
09273,,,
09274,,,
09275,,,
09276,,,
09277,,,
09278,,,
09279,,,
09280,,,
09281,,,
09282,,,
09283,,,
09284,,,
09285,,,
09286,,,
09287,,,
09288,,,
09289,,,
09290,,,
09291,,,
09292,,,
09293,,,
09294,,,
09295,,,
09296,,,
09297,,,
09298,,,
09299,,,
09300,,,
09301,,,
09302,,,
09303,,,
09304,,,
09305,,,
09306,,,
09307,,,
09308,,,
09309,,,
09310,,,
09311,,,
09312,,,
09313,,,
09314,,,
09315,,,
09316,,,
09317,,,
09318,,,
09319,,,
09320,,,
09321,,,
09322,,,
09323,,,
09324,,,
09325,,,
09326,,,
09327,,,
09328,,,
09329,,,
09330,,,
09331,,,
09332,,,
09333,,,
09334,,,
09335,,,
09336,,,
09337,,,
09338,,,
09339,,,
09340,,,
09341,,,
09342,,,
09343,,,
09344,,,
09345,,,
09346,,,
09347,,,
09348,,,
09349,,,
09350,,,
09351,,,
09352,,,
09353,,,
09354,,,
09355,,,
09356,,,
09357,,,
09358,,,
09359,,,
09360,,,
09361,,,
09362,,,
09363,,,
09364,,,
09365,,,
09366,,,
09367,,,
09368,,,
09369,,,
09370,,,
09371,,,
09372,,,
09373,,,
09374,,,
09375,,,
09376,,,
09377,,,
09378,,,
09379,,,
09380,,,
09381,,,
09382,,,
09383,,,
09384,,,
09385,,,
09386,,,
09387,,,
09388,,,
09389,,,
09390,,,
09391,,,
09392,,,
09393,,,
09394,,,
09395,,,
09396,,,
09397,,,
09398,,,
09399,,,
09400,PUNTERA PARASOL TUBULAR,1.332,6.2
09401,NUCLEO CENTRAL PARASOL TUBULAR,1.102,6.2
09402,,,
09403,,,
09404,,,
09405,,,
09406,,,
09407,,,
09408,,,
09409,,,
09410,,,
09411,,,
09412,,,
09413,,,
09414,,,
09415,,,
09416,,,
09417,,,
09418,,,
09419,,,
09420,,,
09421,,,
09422,,,
09423,,,
09424,,,
09425,,,
09426,,,
09427,,,
09428,,,
09429,,,
09430,,,
09431,,,
09432,,,
09433,,,
09434,,,
09435,,,
09436,,,
09437,,,
09438,,,
09439,,,
09440,,,
09441,,,
09442,,,
09443,,,
09444,,,
09445,,,
09446,,,
09447,,,
09448,,,
09449,,,
09450,,,
09451,,,
09452,,,
09453,,,
09454,,,
09455,,,
09456,,,
09457,,,
09458,,,
09459,,,
09460,,,
09461,,,
09462,,,
09463,,,
09464,,,
09465,,,
09466,,,
09467,,,
09468,,,
09469,,,
09470,,,
09471,,,
09472,,,
09473,,,
09474,,,
09475,,,
09476,,,
09477,,,
09478,,,
09479,,,
09480,,,
09481,,,
09482,,,
09483,,,
09484,,,
09485,,,
09486,,,
09487,,,
09488,,,
09489,,,
09490,,,
09491,,,
09492,,,
09493,,,
09494,,,
09495,,,
09496,,,
09497,,,
09498,,,
09499,,,
09500,LARGUERO,0.786,6.2
09501,CONTRATAPA,0.408,6.2
09502,TAPA 20mm,0.372,6.2
09503,TAPA CURVA 59MM,0.655,
09504,COLUMNA 120MM FRENTE INTEGRAL,2.263,6.2
09505,ADAPTADOR DVH FRENTE INTEGRAL,0.434,6.2
09506,CONTRATAPA FRENTE INTEGRAL,0.428,6.2
09507,,,
09508,COLUMNA 63.5MM FRENTE INTEGRAL,1.756,6.2
09509,TAPA PARA COLUMNA 63.5MM FRENTE INTEGRAL,0.212,6.2
09510,,,
09511,,,
09512,,,
09513,,,
09514,,,
09515,,,
09516,,,
09517,,,
09518,,,
09519,,,
09520,,,
,,,
ECVUL3228,ESPECIALES CLIENTE VULCANO CONJUNTO CAÑO 32 CON CAÑO 28,0.48,1.8
